mysql> show databases;
+--------------------+
| Database           |
+--------------------+
| ass1               |
| assign1            |
| assignment1        |
| information_schema |
| mysql              |
| performance_schema |
| sys                |
+--------------------+
7 rows in set (0.01 sec)

mysql> use assignment1;
Reading table information for completion of table and column names
You can turn off this feature to get a quicker startup with -A

Database changed
mysql> show tables;
+-----------------------+
| Tables_in_assignment1 |
+-----------------------+
| customer              |
| customer1             |
| employee              |
| salesman              |
| vehicle               |
+-----------------------+
5 rows in set (0.01 sec)

mysql> CREATE TABLE EMP
    ->        (EMPNO INT UNSIGNED NOT NULL,
    ->         ENAME VARCHAR(10),
    ->         JOB VARCHAR(9),
    ->         MGR INT UNSIGNED,
    ->         HIREDATE DATE,
    ->         SAL FLOAT,
    ->         COMM FLOAT,
    ->         DEPTNO INT UNSIGNED);
Query OK, 0 rows affected (0.54 sec)

mysql> show tables;
+-----------------------+
| Tables_in_assignment1 |
+-----------------------+
| EMP                   |
| customer              |
| customer1             |
| employee              |
| salesman              |
| vehicle               |
+-----------------------+
6 rows in set (0.00 sec)


mysql> select * from EMP;
+-------+--------+-----------+------+------------+------+------+--------+
| EMPNO | ENAME  | JOB       | MGR  | HIREDATE   | SAL  | COMM | DEPTNO |
+-------+--------+-----------+------+------------+------+------+--------+
|  7369 | SMITH  | CLERK     | 7902 | 1980-12-17 |  800 | NULL |     20 |
|  7499 | ALLEN  | SALESMAN  | 7698 | 1981-02-20 | 1600 |  300 |     30 |
|  7521 | WARD   | SALESMAN  | 7698 | 1981-02-22 | 1250 |  500 |     30 |
|  7566 | JONES  | MANAGER   | 7839 | 1981-04-02 | 2975 | NULL |     20 |
|  7654 | MARTIN | SALESMAN  | 7698 | 1981-09-28 | 1250 | 1400 |     30 |
|  7698 | BLAKE  | MANAGER   | 7839 | 1981-05-01 | 2850 | NULL |     30 |
|  7782 | CLARK  | MANAGER   | 7839 | 1981-06-09 | 2450 | NULL |     10 |
|  7788 | SCOTT  | ANALYST   | 7566 | 1982-12-09 | 3000 | NULL |     20 |
|  7839 | KING   | PRESIDENT | NULL | 1981-11-17 | 5000 | NULL |     10 |
|  7844 | TURNER | SALESMAN  | 7698 | 1981-09-08 | 1500 |    0 |     30 |
|  7876 | ADAMS  | CLERK     | 7788 | 1983-01-12 | 1100 | NULL |     20 |
|  7900 | JAMES  | CLERK     | 7698 | 1981-12-03 |  950 | NULL |     30 |
|  7902 | FORD   | ANALYST   | 7566 | 1981-12-03 | 3000 | NULL |     20 |
|  7934 | MILLER | CLERK     | 7782 | 1982-01-23 | 1300 | NULL |     10 |
+-------+--------+-----------+------+------------+------+------+--------+
14 rows in set (0.00 sec)

mysql> CREATE TABLE DEPT
    ->        (DEPTNO INT UNSIGNED,
    ->         DNAME VARCHAR(14),
    ->         LOC VARCHAR(13));
Query OK, 0 rows affected (0.48 sec)





mysql> show tables;
+-----------------------+
| Tables_in_assignment1 |
+-----------------------+
| BONUS                 |
| DEPT                  |
| DUMMY                 |
| EMP                   |
| SALGRADE              |
| customer              |
| customer1             |
| employee              |
| salesman              |
| vehicle               |
+-----------------------+
10 rows in set (0.00 sec)


mysql> select * from SALGRADE;
+-------+-------+-------+
| GRADE | LOSAL | HISAL |
+-------+-------+-------+
|     1 |   700 |  1200 |
|     2 |  1201 |  1400 |
|     3 |  1401 |  2000 |
|     4 |  2001 |  3000 |
|     5 |  3001 |  9999 |
+-------+-------+-------+
5 rows in set (0.00 sec)

mysql> select * from DUMMY;
+-------+
| DUMMY |
+-------+
|     0 |
+-------+
1 row in set (0.00 sec)

mysql> select * from DEPT;
+--------+------------+----------+
| DEPTNO | DNAME      | LOC      |
+--------+------------+----------+
|     10 | ACCOUNTING | NEW YORK |
|     20 | RESEARCH   | DALLAS   |
|     30 | SALES      | CHICAGO  |
|     40 | OPERATIONS | BOSTON   |
+--------+------------+----------+
4 rows in set (0.00 sec)

mysql> select * from EMP;
+-------+--------+-----------+------+------------+------+------+--------+
| EMPNO | ENAME  | JOB       | MGR  | HIREDATE   | SAL  | COMM | DEPTNO |
+-------+--------+-----------+------+------------+------+------+--------+
|  7369 | SMITH  | CLERK     | 7902 | 1980-12-17 |  800 | NULL |     20 |
|  7499 | ALLEN  | SALESMAN  | 7698 | 1981-02-20 | 1600 |  300 |     30 |
|  7521 | WARD   | SALESMAN  | 7698 | 1981-02-22 | 1250 |  500 |     30 |
|  7566 | JONES  | MANAGER   | 7839 | 1981-04-02 | 2975 | NULL |     20 |
|  7654 | MARTIN | SALESMAN  | 7698 | 1981-09-28 | 1250 | 1400 |     30 |
|  7698 | BLAKE  | MANAGER   | 7839 | 1981-05-01 | 2850 | NULL |     30 |
|  7782 | CLARK  | MANAGER   | 7839 | 1981-06-09 | 2450 | NULL |     10 |
|  7788 | SCOTT  | ANALYST   | 7566 | 1982-12-09 | 3000 | NULL |     20 |
|  7839 | KING   | PRESIDENT | NULL | 1981-11-17 | 5000 | NULL |     10 |
|  7844 | TURNER | SALESMAN  | 7698 | 1981-09-08 | 1500 |    0 |     30 |
|  7876 | ADAMS  | CLERK     | 7788 | 1983-01-12 | 1100 | NULL |     20 |
|  7900 | JAMES  | CLERK     | 7698 | 1981-12-03 |  950 | NULL |     30 |
|  7902 | FORD   | ANALYST   | 7566 | 1981-12-03 | 3000 | NULL |     20 |
|  7934 | MILLER | CLERK     | 7782 | 1982-01-23 | 1300 | NULL |     10 |
+-------+--------+-----------+------+------------+------+------+--------+
14 rows in set (0.00 sec)









------------------------------------------------------------------------------------------------------------------------------------
Q1. To list all records with sal > 2000 and comm>200


mysql> select * from EMP where sal > 2000 AND comm > 200;
Empty set (0.00 sec)





------------------------------------------------------------------------------------------------------------------------------------
Q2. To list all records with job=’Clerk’ or sal>2000


mysql> select * from EMP where job = "clerk" OR SAL > 2000 ;
+-------+--------+-----------+------+------------+------+------+--------+
| EMPNO | ENAME  | JOB       | MGR  | HIREDATE   | SAL  | COMM | DEPTNO |
+-------+--------+-----------+------+------------+------+------+--------+
|  7369 | SMITH  | CLERK     | 7902 | 1980-12-17 |  800 | NULL |     20 |
|  7566 | JONES  | MANAGER   | 7839 | 1981-04-02 | 2975 | NULL |     20 |
|  7698 | BLAKE  | MANAGER   | 7839 | 1981-05-01 | 2850 | NULL |     30 |
|  7782 | CLARK  | MANAGER   | 7839 | 1981-06-09 | 2450 | NULL |     10 |
|  7788 | SCOTT  | ANALYST   | 7566 | 1982-12-09 | 3000 | NULL |     20 |
|  7839 | KING   | PRESIDENT | NULL | 1981-11-17 | 5000 | NULL |     10 |
|  7876 | ADAMS  | CLERK     | 7788 | 1983-01-12 | 1100 | NULL |     20 |
|  7900 | JAMES  | CLERK     | 7698 | 1981-12-03 |  950 | NULL |     30 |
|  7902 | FORD   | ANALYST   | 7566 | 1981-12-03 | 3000 | NULL |     20 |
|  7934 | MILLER | CLERK     | 7782 | 1982-01-23 | 1300 | NULL |     10 |
+-------+--------+-----------+------+------------+------+------+--------+
10 rows in set (0.00 sec)







------------------------------------------------------------------------------------------------------------------------------------
Q3. To list all the records with sal=1250 or 1100


mysql> select * from EMP where sal = 1250 OR SAL =1100 ;
+-------+--------+----------+------+------------+------+------+--------+
| EMPNO | ENAME  | JOB      | MGR  | HIREDATE   | SAL  | COMM | DEPTNO |
+-------+--------+----------+------+------------+------+------+--------+
|  7521 | WARD   | SALESMAN | 7698 | 1981-02-22 | 1250 |  500 |     30 |
|  7654 | MARTIN | SALESMAN | 7698 | 1981-09-28 | 1250 | 1400 |     30 |
|  7876 | ADAMS  | CLERK    | 7788 | 1983-01-12 | 1100 | NULL |     20 |
+-------+--------+----------+------+------------+------+------+--------+
3 rows in set (0.00 sec)




------------------------------------------------------------------------------------------------------------------------------------
Q4. To list all employees with sal>1250 and <2850


mysql> SELECT * FROM EMP WHERE sal > 1250 && sal <2850;
+-------+--------+----------+------+------------+------+------+--------+
| EMPNO | ENAME  | JOB      | MGR  | HIREDATE   | SAL  | COMM | DEPTNO |
+-------+--------+----------+------+------------+------+------+--------+
|  7499 | ALLEN  | SALESMAN | 7698 | 1981-02-20 | 1600 |  300 |     30 |
|  7782 | CLARK  | MANAGER  | 7839 | 1981-06-09 | 2450 | NULL |     10 |
|  7844 | TURNER | SALESMAN | 7698 | 1981-09-08 | 1500 |    0 |     30 |
|  7934 | MILLER | CLERK    | 7782 | 1982-01-23 | 1300 | NULL |     10 |
+-------+--------+----------+------+------------+------+------+--------+
4 rows in set, 1 warning (0.00 sec)





------------------------------------------------------------------------------------------------------------------------------------
Q5. Retrieve the details (Name, Salary and dept no) of the emp who are working in department code 20


mysql> select ename, sal, deptno from EMP where deptno = 20;
+-------+------+--------+
| ename | sal  | deptno |
+-------+------+--------+
| SMITH |  800 |     20 |
| JONES | 2975 |     20 |
| SCOTT | 3000 |     20 |
| ADAMS | 1100 |     20 |
| FORD  | 3000 |     20 |
+-------+------+--------+
5 rows in set (0.00 sec)






------------------------------------------------------------------------------------------------------------------------------------
Q6. Display all employees who have joined after 9th june 81.



mysql> select * from EMP where hiredate > "1981-06-09";
+-------+--------+-----------+------+------------+------+------+--------+
| EMPNO | ENAME  | JOB       | MGR  | HIREDATE   | SAL  | COMM | DEPTNO |
+-------+--------+-----------+------+------------+------+------+--------+
|  7654 | MARTIN | SALESMAN  | 7698 | 1981-09-28 | 1250 | 1400 |     30 |
|  7788 | SCOTT  | ANALYST   | 7566 | 1982-12-09 | 3000 | NULL |     20 |
|  7839 | KING   | PRESIDENT | NULL | 1981-11-17 | 5000 | NULL |     10 |
|  7844 | TURNER | SALESMAN  | 7698 | 1981-09-08 | 1500 |    0 |     30 |
|  7876 | ADAMS  | CLERK     | 7788 | 1983-01-12 | 1100 | NULL |     20 |
|  7900 | JAMES  | CLERK     | 7698 | 1981-12-03 |  950 | NULL |     30 |
|  7902 | FORD   | ANALYST   | 7566 | 1981-12-03 | 3000 | NULL |     20 |
|  7934 | MILLER | CLERK     | 7782 | 1982-01-23 | 1300 | NULL |     10 |
+-------+--------+-----------+------+------------+------+------+--------+
8 rows in set (0.00 sec)




------------------------------------------------------------------------------------------------------------------------------------
Q7. Display empno,empname,sal, comm and total salary.
   Total Salary = comm + sal


mysql> select empno, ename, sal, comm, IFNULL(comm, 0)+sal "Total salary" from EMP;
+-------+--------+------+------+--------------+
| empno | ename  | sal  | comm | Total salary |
+-------+--------+------+------+--------------+
|  7369 | SMITH  |  800 | NULL |          800 |
|  7499 | ALLEN  | 1600 |  300 |         1900 |
|  7521 | WARD   | 1250 |  500 |         1750 |
|  7566 | JONES  | 2975 | NULL |         2975 |
|  7654 | MARTIN | 1250 | 1400 |         2650 |
|  7698 | BLAKE  | 2850 | NULL |         2850 |
|  7782 | CLARK  | 2450 | NULL |         2450 |
|  7788 | SCOTT  | 3000 | NULL |         3000 |
|  7839 | KING   | 5000 | NULL |         5000 |
|  7844 | TURNER | 1500 |    0 |         1500 |
|  7876 | ADAMS  | 1100 | NULL |         1100 |
|  7900 | JAMES  |  950 | NULL |          950 |
|  7902 | FORD   | 3000 | NULL |         3000 |
|  7934 | MILLER | 1300 | NULL |         1300 |
+-------+--------+------+------+--------------+
14 rows in set (0.00 sec)






------------------------------------------------------------------------------------------------------------------------------------
Q8. Display all employees with sal >2000 or job is either clerk or Salesman.


mysql> select * from EMP where sal > 2000 OR JOB = "CLERK" AND "SALESMAN";
+-------+-------+-----------+------+------------+------+------+--------+
| EMPNO | ENAME | JOB       | MGR  | HIREDATE   | SAL  | COMM | DEPTNO |
+-------+-------+-----------+------+------------+------+------+--------+
|  7566 | JONES | MANAGER   | 7839 | 1981-04-02 | 2975 | NULL |     20 |
|  7698 | BLAKE | MANAGER   | 7839 | 1981-05-01 | 2850 | NULL |     30 |
|  7782 | CLARK | MANAGER   | 7839 | 1981-06-09 | 2450 | NULL |     10 |
|  7788 | SCOTT | ANALYST   | 7566 | 1982-12-09 | 3000 | NULL |     20 |
|  7839 | KING  | PRESIDENT | NULL | 1981-11-17 | 5000 | NULL |     10 |
|  7902 | FORD  | ANALYST   | 7566 | 1981-12-03 | 3000 | NULL |     20 |
+-------+-------+-----------+------+------------+------+------+--------+
6 rows in set, 1 warning (0.00 sec)





------------------------------------------------------------------------------------------------------------------------------------
Q9. List the employees in dept 20 and 30 who did not get any commission.


mysql> select * from EMP where DEPTNO = 20 OR DEPTNO = 30 AND COMM IS NULL;
+-------+-------+---------+------+------------+------+------+--------+
| EMPNO | ENAME | JOB     | MGR  | HIREDATE   | SAL  | COMM | DEPTNO |
+-------+-------+---------+------+------------+------+------+--------+
|  7369 | SMITH | CLERK   | 7902 | 1980-12-17 |  800 | NULL |     20 |
|  7566 | JONES | MANAGER | 7839 | 1981-04-02 | 2975 | NULL |     20 |
|  7698 | BLAKE | MANAGER | 7839 | 1981-05-01 | 2850 | NULL |     30 |
|  7788 | SCOTT | ANALYST | 7566 | 1982-12-09 | 3000 | NULL |     20 |
|  7876 | ADAMS | CLERK   | 7788 | 1983-01-12 | 1100 | NULL |     20 |
|  7900 | JAMES | CLERK   | 7698 | 1981-12-03 |  950 | NULL |     30 |
|  7902 | FORD  | ANALYST | 7566 | 1981-12-03 | 3000 | NULL |     20 |
+-------+-------+---------+------+------------+------+------+--------+
7 rows in set (0.00 sec)






------------------------------------------------------------------------------------------------------------------------------------
Q10. Display all employees who works in either dept 10 or 30 or joined in year 1982


mysql> select * from EMP where DEPTNO = 10 OR DEPTNO = 30 AND YEAR(HIREDATE) = 1982;
+-------+--------+-----------+------+------------+------+------+--------+
| EMPNO | ENAME  | JOB       | MGR  | HIREDATE   | SAL  | COMM | DEPTNO |
+-------+--------+-----------+------+------------+------+------+--------+
|  7782 | CLARK  | MANAGER   | 7839 | 1981-06-09 | 2450 | NULL |     10 |
|  7839 | KING   | PRESIDENT | NULL | 1981-11-17 | 5000 | NULL |     10 |
|  7934 | MILLER | CLERK     | 7782 | 1982-01-23 | 1300 | NULL |     10 |
+-------+--------+-----------+------+------------+------+------+--------+
3 rows in set (0.00 sec)








------------------------------------------------------------------------------------------------------------------------------------
Q11. There is a salary hike by 20% . Display the information from emp table as empno,ename,sal and new sal.


mysql> SELECT EMPNO, ENAME, SAL, (sal*(20/100)+sal) "NEW SAL" from EMP;
+-------+--------+------+---------+
| EMPNO | ENAME  | SAL  | NEW SAL |
+-------+--------+------+---------+
|  7369 | SMITH  |  800 |     960 |
|  7499 | ALLEN  | 1600 |    1920 |
|  7521 | WARD   | 1250 |    1500 |
|  7566 | JONES  | 2975 |    3570 |
|  7654 | MARTIN | 1250 |    1500 |
|  7698 | BLAKE  | 2850 |    3420 |
|  7782 | CLARK  | 2450 |    2940 |
|  7788 | SCOTT  | 3000 |    3600 |
|  7839 | KING   | 5000 |    6000 |
|  7844 | TURNER | 1500 |    1800 |
|  7876 | ADAMS  | 1100 |    1320 |
|  7900 | JAMES  |  950 |    1140 |
|  7902 | FORD   | 3000 |    3600 |
|  7934 | MILLER | 1300 |    1560 |
+-------+--------+------+---------+
14 rows in set (0.00 sec)

mysql> CREATE TABLE emp10 AS SELECT * FROM EMP WHERE 2=1;
Query OK, 0 rows affected (0.98 sec)
Records: 0  Duplicates: 0  Warnings: 0






------------------------------------------------------------------------------------------------------------------------------------
Q12. Create new table emp10 same as emp without any data. check it's structure.


mysql> DESC emp10;
+----------+--------------+------+-----+---------+-------+
| Field    | Type         | Null | Key | Default | Extra |
+----------+--------------+------+-----+---------+-------+
| EMPNO    | int unsigned | NO   |     | NULL    |       |
| ENAME    | varchar(10)  | YES  |     | NULL    |       |
| JOB      | varchar(9)   | YES  |     | NULL    |       |
| MGR      | int unsigned | YES  |     | NULL    |       |
| HIREDATE | date         | YES  |     | NULL    |       |
| SAL      | float        | YES  |     | NULL    |       |
| COMM     | float        | YES  |     | NULL    |       |
| DEPTNO   | int unsigned | YES  |     | NULL    |       |
+----------+--------------+------+-----+---------+-------+
8 rows in set (0.00 sec)




------------------------------------------------------------------------------------------------------------------------------------
Q13. Insert new row with data of your choice  in emp10 table where manager(mgr) is null.


mysql> insert into emp10 values(6543, "JONNY", "HR", NULL, "2025-09-12", 800000000, 80000, 20);
Query OK, 1 row affected (0.08 sec)

mysql> SELeCT * FROM emp10;
+-------+-------+------+------+------------+-----------+-------+--------+
| EMPNO | ENAME | JOB  | MGR  | HIREDATE   | SAL       | COMM  | DEPTNO |
+-------+-------+------+------+------------+-----------+-------+--------+
|  6543 | JONNY | HR   | NULL | 2025-09-12 | 800000000 | 80000 |     20 |
+-------+-------+------+------+------------+-----------+-------+--------+
1 row in set (0.00 sec)







------------------------------------------------------------------------------------------------------------------------------------
Q14. Display the emp details who do not have manager.


mysql> SELeCT * FROM emp10 where mgr is null;
+-------+-------+------+------+------------+-----------+-------+--------+
| EMPNO | ENAME | JOB  | MGR  | HIREDATE   | SAL       | COMM  | DEPTNO |
+-------+-------+------+------+------------+-----------+-------+--------+
|  6543 | JONNY | HR   | NULL | 2025-09-12 | 800000000 | 80000 |     20 |
+-------+-------+------+------+------------+-----------+-------+--------+
1 row in set (0.00 sec)





------------------------------------------------------------------------------------------------------------------------------------
Q15. Create table dept10 same as dept. 


mysql> create table dept10 as select * from DEPT;
Query OK, 4 rows affected (1.27 sec)
Records: 4  Duplicates: 0  Warnings: 0

mysql> select * from dept10;
+--------+------------+----------+
| DEPTNO | DNAME      | LOC      |
+--------+------------+----------+
|     10 | ACCOUNTING | NEW YORK |
|     20 | RESEARCH   | DALLAS   |
|     30 | SALES      | CHICAGO  |
|     40 | OPERATIONS | BOSTON   |
+--------+------------+----------+
4 rows in set (0.00 sec)







------------------------------------------------------------------------------------------------------------------------------------
Q16. Use emp100 table to perform following query Update employee salary. Increase sal of each employee by 15% of sal+comm,change the mgr to 777 for all employees in dept 10. 


mysql> update emp10 set sal = ((sal+comm)*(15/100)+(sal+comm));
Query OK, 1 row affected (0.16 sec)
Rows matched: 1  Changed: 1  Warnings: 0

mysql> select * from emp10;
+-------+-------+------+------+------------+-----------+-------+--------+
| EMPNO | ENAME | JOB  | MGR  | HIREDATE   | SAL       | COMM  | DEPTNO |
+-------+-------+------+------+------------+-----------+-------+--------+
|  6543 | JONNY | HR   | NULL | 2025-09-12 | 920092000 | 80000 |     20 |
+-------+-------+------+------+------------+-----------+-------+--------+
1 row in set (0.00 sec)

mysql> update emp10 set MGR = 777 where deptno = 20;
Query OK, 1 row affected (0.10 sec)
Rows matched: 1  Changed: 1  Warnings: 0

mysql> select * from emp10;
+-------+-------+------+------+------------+-----------+-------+--------+
| EMPNO | ENAME | JOB  | MGR  | HIREDATE   | SAL       | COMM  | DEPTNO |
+-------+-------+------+------+------------+-----------+-------+--------+
|  6543 | JONNY | HR   |  777 | 2025-09-12 | 920092000 | 80000 |     20 |
+-------+-------+------+------+------------+-----------+-------+--------+
1 row in set (0.00 sec)











------------------------------------------------------------------------------------------------------------------------------------
Q17. Display all employees who joined between years 1981 to 1983.


mysql> select * from EMP WHERE YEAR(HIREDATE) BETWEEN 1981  AND 1983;
+-------+--------+-----------+------+------------+------+------+--------+
| EMPNO | ENAME  | JOB       | MGR  | HIREDATE   | SAL  | COMM | DEPTNO |
+-------+--------+-----------+------+------------+------+------+--------+
|  7499 | ALLEN  | SALESMAN  | 7698 | 1981-02-20 | 1600 |  300 |     30 |
|  7521 | WARD   | SALESMAN  | 7698 | 1981-02-22 | 1250 |  500 |     30 |
|  7566 | JONES  | MANAGER   | 7839 | 1981-04-02 | 2975 | NULL |     20 |
|  7654 | MARTIN | SALESMAN  | 7698 | 1981-09-28 | 1250 | 1400 |     30 |
|  7698 | BLAKE  | MANAGER   | 7839 | 1981-05-01 | 2850 | NULL |     30 |
|  7782 | CLARK  | MANAGER   | 7839 | 1981-06-09 | 2450 | NULL |     10 |
|  7788 | SCOTT  | ANALYST   | 7566 | 1982-12-09 | 3000 | NULL |     20 |
|  7839 | KING   | PRESIDENT | NULL | 1981-11-17 | 5000 | NULL |     10 |
|  7844 | TURNER | SALESMAN  | 7698 | 1981-09-08 | 1500 |    0 |     30 |
|  7876 | ADAMS  | CLERK     | 7788 | 1983-01-12 | 1100 | NULL |     20 |
|  7900 | JAMES  | CLERK     | 7698 | 1981-12-03 |  950 | NULL |     30 |
|  7902 | FORD   | ANALYST   | 7566 | 1981-12-03 | 3000 | NULL |     20 |
|  7934 | MILLER | CLERK     | 7782 | 1982-01-23 | 1300 | NULL |     10 |
+-------+--------+-----------+------+------------+------+------+--------+
13 rows in set (0.00 sec)








------------------------------------------------------------------------------------------------------------------------------------
Q18. Display empno, name and department number of an emp working under manager with id 7698.


mysql> SELECT EMPNO, ENAME, DEPTNO FROM EMP WHERE MGR = 7698;
+-------+--------+--------+
| EMPNO | ENAME  | DEPTNO |
+-------+--------+--------+
|  7499 | ALLEN  |     30 |
|  7521 | WARD   |     30 |
|  7654 | MARTIN |     30 |
|  7844 | TURNER |     30 |
|  7900 | JAMES  |     30 |
+-------+--------+--------+
5 rows in set (0.00 sec)


------------------------------------------------------------------------------------------------------------------------------------
Q19. List all managers working in dept 10.


mysql> SELECT * FROM EMP WHERE DEPTNO = 10 AND JOB = "MANAGER";
+-------+-------+---------+------+------------+------+------+--------+
| EMPNO | ENAME | JOB     | MGR  | HIREDATE   | SAL  | COMM | DEPTNO |
+-------+-------+---------+------+------------+------+------+--------+
|  7782 | CLARK | MANAGER | 7839 | 1981-06-09 | 2450 | NULL |     10 |
+-------+-------+---------+------+------------+------+------+--------+
1 row in set (0.00 sec)






------------------------------------------------------------------------------------------------------------------------------------
Q20. Display all jobs from emp table. 


mysql> SELECT DISTINCT JOB FROM EMP;
+-----------+
| JOB       |
+-----------+
| CLERK     |
| SALESMAN  |
| MANAGER   |
| ANALYST   |
| PRESIDENT |
+-----------+
5 rows in set (0.00 sec)






------------------------------------------------------------------------------------------------------------------------------------
Q21. Display all unique  deptnos in which employees are working.


mysql> SELECT DISTINCT DEPTNO FROM EMP;
+--------+
| DEPTNO |
+--------+
|     20 |
|     30 |
|     10 |
+--------+
3 rows in set (0.00 sec)






------------------------------------------------------------------------------------------------------------------------------------
Q22. Implement following using case statement. Use data from emp database.
    If comm is null ‘need improvement’ If <500 “ok” If >=500 and < 1000 ‘good' ‘Excellent'.     


mysql> select ename, sal, job, comm, case when comm<500 then "OK" when comm >= 500 and comm < 1000 then "good" when comm >= 1000 then "Excellent" when comm is null then "need improvement" else " " end "remark" from EMP;
+--------+------+-----------+------+------------------+
| ename  | sal  | job       | comm | remark           |
+--------+------+-----------+------+------------------+
| SMITH  |  800 | CLERK     | NULL | need improvement |
| ALLEN  | 1600 | SALESMAN  |  300 | OK               |
| WARD   | 1250 | SALESMAN  |  500 | good             |
| JONES  | 2975 | MANAGER   | NULL | need improvement |
| MARTIN | 1250 | SALESMAN  | 1400 | Excellent        |
| BLAKE  | 2850 | MANAGER   | NULL | need improvement |
| CLARK  | 2450 | MANAGER   | NULL | need improvement |
| SCOTT  | 3000 | ANALYST   | NULL | need improvement |
| KING   | 5000 | PRESIDENT | NULL | need improvement |
| TURNER | 1500 | SALESMAN  |    0 | OK               |
| ADAMS  | 1100 | CLERK     | NULL | need improvement |
| JAMES  |  950 | CLERK     | NULL | need improvement |
| FORD   | 3000 | ANALYST   | NULL | need improvement |
| MILLER | 1300 | CLERK     | NULL | need improvement |
+--------+------+-----------+------+------------------+
14 rows in set (0.00 sec)

mysql> 
