
------------------------------------------------------------------------------------------------------------------------------------
Q1.List details of employees as ename, deptno, dname, sal, comm . 



mysql> SELECT e.ename, e.deptno, d.dname, e.sal, e.comm from EMP e, DEPT d where e.deptno=d.deptno;
+--------+--------+------------+------+------+
| ename  | deptno | dname      | sal  | comm |
+--------+--------+------------+------+------+
| SMITH  |     20 | RESEARCH   |  800 | NULL |
| ALLEN  |     30 | SALES      | 1600 |  300 |
| WARD   |     30 | SALES      | 1250 |  500 |
| JONES  |     20 | RESEARCH   | 2975 | NULL |
| MARTIN |     30 | SALES      | 1250 | 1400 |
| BLAKE  |     30 | SALES      | 2850 | NULL |
| CLARK  |     10 | ACCOUNTING | 2450 | NULL |
| SCOTT  |     20 | RESEARCH   | 3000 | NULL |
| KING   |     10 | ACCOUNTING | 5000 | NULL |
| TURNER |     30 | SALES      | 1500 |    0 |
| ADAMS  |     20 | RESEARCH   | 1100 | NULL |
| JAMES  |     30 | SALES      |  950 | NULL |
| FORD   |     20 | RESEARCH   | 3000 | NULL |
| MILLER |     10 | ACCOUNTING | 1300 | NULL |
+--------+--------+------------+------+------+
14 rows in set (0.00 sec)







------------------------------------------------------------------------------------------------------------------------------------
Q2.Display details of employees as empno,ename,sal,job, deptno,dname,loc   for all employees working as a clerk or salesman and earning sal >2000.


mysql> SELECT e.empno, e.ename,  e.sal, e.job, e.deptno, d.dname, d.loc from EMP e, DEPT d where e.deptno=d.deptno AND (e.job = "clerk" OR e.job = "salesman") AND e.sal > 2000;
Empty set (0.00 sec)






------------------------------------------------------------------------------------------------------------------------------------
Q3.Display ename,deptno,dname,sal and grade of employee 
 
 
 mysql> SELECT e.ename, e.deptno, d.dname, e.sal, s.GRADE from EMP e, DEPT d, SALGRADE s where e.deptno=d.deptno AND e.sal between s.losal and s.hisal;
+--------+--------+------------+------+-------+
| ename  | deptno | dname      | sal  | GRADE |
+--------+--------+------------+------+-------+
| JAMES  |     30 | SALES      |  950 |     1 |
| ADAMS  |     20 | RESEARCH   | 1100 |     1 |
| SMITH  |     20 | RESEARCH   |  800 |     1 |
| MILLER |     10 | ACCOUNTING | 1300 |     2 |
| MARTIN |     30 | SALES      | 1250 |     2 |
| WARD   |     30 | SALES      | 1250 |     2 |
| TURNER |     30 | SALES      | 1500 |     3 |
| ALLEN  |     30 | SALES      | 1600 |     3 |
| FORD   |     20 | RESEARCH   | 3000 |     4 |
| SCOTT  |     20 | RESEARCH   | 3000 |     4 |
| CLARK  |     10 | ACCOUNTING | 2450 |     4 |
| BLAKE  |     30 | SALES      | 2850 |     4 |
| JONES  |     20 | RESEARCH   | 2975 |     4 |
| KING   |     10 | ACCOUNTING | 5000 |     5 |
+--------+--------+------------+------+-------+
14 rows in set (0.00 sec)

 
------------------------------------------------------------------------------------------------------------------------------------ 
Q4.Display the information of department i.e deptno, dname and loc in which clerks are working.


mysql> SELECT e.deptno, e.job, d.dname, d.loc from EMP e, DEPT d where e.deptno=d.deptno AND e.job = "clerk";
+--------+-------+------------+----------+
| deptno | job   | dname      | loc      |
+--------+-------+------------+----------+
|     10 | CLERK | ACCOUNTING | NEW YORK |
|     20 | CLERK | RESEARCH   | DALLAS   |
|     20 | CLERK | RESEARCH   | DALLAS   |
|     30 | CLERK | SALES      | CHICAGO  |
+--------+-------+------------+----------+
4 rows in set (0.00 sec)







------------------------------------------------------------------------------------------------------------------------------------
Q5.Find all employees with name ending with R . 


mysql> select * from EMP where ename like "%R";
+-------+--------+----------+------+------------+------+------+--------+
| EMPNO | ENAME  | JOB      | MGR  | HIREDATE   | SAL  | COMM | DEPTNO |
+-------+--------+----------+------+------------+------+------+--------+
|  7844 | TURNER | SALESMAN | 7698 | 1981-09-08 | 1500 |    0 |     30 |
|  7934 | MILLER | CLERK    | 7782 | 1982-01-23 | 1300 | NULL |     10 |
+-------+--------+----------+------+------------+------+------+--------+
2 rows in set (0.01 sec)






------------------------------------------------------------------------------------------------------------------------------------
Q6.Find all employees with name starting with M and ending with R.


mysql> select * from EMP where ename like "M%R";
+-------+--------+-------+------+------------+------+------+--------+
| EMPNO | ENAME  | JOB   | MGR  | HIREDATE   | SAL  | COMM | DEPTNO |
+-------+--------+-------+------+------------+------+------+--------+
|  7934 | MILLER | CLERK | 7782 | 1982-01-23 | 1300 | NULL |     10 |
+-------+--------+-------+------+------------+------+------+--------+
1 row in set (0.00 sec)





------------------------------------------------------------------------------------------------------------------------------------

Q7.To find all employees with name starting with either M or A.


mysql> select * from EMP where ename like "M%" OR ename like "A%";
+-------+--------+----------+------+------------+------+------+--------+
| EMPNO | ENAME  | JOB      | MGR  | HIREDATE   | SAL  | COMM | DEPTNO |
+-------+--------+----------+------+------------+------+------+--------+
|  7499 | ALLEN  | SALESMAN | 7698 | 1981-02-20 | 1600 |  300 |     30 |
|  7654 | MARTIN | SALESMAN | 7698 | 1981-09-28 | 1250 | 1400 |     30 |
|  7876 | ADAMS  | CLERK    | 7788 | 1983-01-12 | 1100 | NULL |     20 |
|  7934 | MILLER | CLERK    | 7782 | 1982-01-23 | 1300 | NULL |     10 |
+-------+--------+----------+------+------------+------+------+--------+
4 rows in set (0.00 sec)






------------------------------------------------------------------------------------------------------------------------------------

Q8.List the employees name having letter 'L' as the second character.


mysql> select * from EMP where ename like "_L%";
+-------+-------+----------+------+------------+------+------+--------+
| EMPNO | ENAME | JOB      | MGR  | HIREDATE   | SAL  | COMM | DEPTNO |
+-------+-------+----------+------+------------+------+------+--------+
|  7499 | ALLEN | SALESMAN | 7698 | 1981-02-20 | 1600 |  300 |     30 |
|  7698 | BLAKE | MANAGER  | 7839 | 1981-05-01 | 2850 | NULL |     30 |
|  7782 | CLARK | MANAGER  | 7839 | 1981-06-09 | 2450 | NULL |     10 |
+-------+-------+----------+------+------------+------+------+--------+
3 rows in set (0.00 sec)








------------------------------------------------------------------------------------------------------------------------------------
Q9.Find all employees with name having L at 3 rd position.


mysql> select * from EMP where ename like "__L%";
+-------+--------+----------+------+------------+------+------+--------+
| EMPNO | ENAME  | JOB      | MGR  | HIREDATE   | SAL  | COMM | DEPTNO |
+-------+--------+----------+------+------------+------+------+--------+
|  7499 | ALLEN  | SALESMAN | 7698 | 1981-02-20 | 1600 |  300 |     30 |
|  7934 | MILLER | CLERK    | 7782 | 1982-01-23 | 1300 | NULL |     10 |
+-------+--------+----------+------+------------+------+------+--------+
2 rows in set (0.00 sec)






------------------------------------------------------------------------------------------------------------------------------------
Q10.To list all employees with name ending by ES.  


mysql> select * from EMP where ename like "%ES";
+-------+-------+---------+------+------------+------+------+--------+
| EMPNO | ENAME | JOB     | MGR  | HIREDATE   | SAL  | COMM | DEPTNO |
+-------+-------+---------+------+------------+------+------+--------+
|  7566 | JONES | MANAGER | 7839 | 1981-04-02 | 2975 | NULL |     20 |
|  7900 | JAMES | CLERK   | 7698 | 1981-12-03 |  950 | NULL |     30 |
+-------+-------+---------+------+------------+------+------+--------+
2 rows in set (0.00 sec)







------------------------------------------------------------------------------------------------------------------------------------
Q11.To list all employees with job starting with C and ending with K.


mysql> select * from EMP where job like "C%K";
+-------+--------+-------+------+------------+------+------+--------+
| EMPNO | ENAME  | JOB   | MGR  | HIREDATE   | SAL  | COMM | DEPTNO |
+-------+--------+-------+------+------------+------+------+--------+
|  7369 | SMITH  | CLERK | 7902 | 1980-12-17 |  800 | NULL |     20 |
|  7876 | ADAMS  | CLERK | 7788 | 1983-01-12 | 1100 | NULL |     20 |
|  7900 | JAMES  | CLERK | 7698 | 1981-12-03 |  950 | NULL |     30 |
|  7934 | MILLER | CLERK | 7782 | 1982-01-23 | 1300 | NULL |     10 |
+-------+--------+-------+------+------------+------+------+--------+
4 rows in set (0.00 sec)







------------------------------------------------------------------------------------------------------------------------------------
Q12.Find all employees with name starting with M, having  L at 3 rd position and ends with R.


mysql> select * from EMP where ename like "M%R" AND ename like "__L%";
+-------+--------+-------+------+------------+------+------+--------+
| EMPNO | ENAME  | JOB   | MGR  | HIREDATE   | SAL  | COMM | DEPTNO |
+-------+--------+-------+------+------------+------+------+--------+
|  7934 | MILLER | CLERK | 7782 | 1982-01-23 | 1300 | NULL |     10 |
+-------+--------+-------+------+------------+------+------+--------+
1 row in set (0.00 sec)





------------------------------------------------------------------------------------------------------------------------------------
Q13.Find all employees with name having L at 3 rd position and E at second last position.


mysql> select * from EMP where ename like "%E_" AND ename like "__L%";
+-------+--------+----------+------+------------+------+------+--------+
| EMPNO | ENAME  | JOB      | MGR  | HIREDATE   | SAL  | COMM | DEPTNO |
+-------+--------+----------+------+------------+------+------+--------+
|  7499 | ALLEN  | SALESMAN | 7698 | 1981-02-20 | 1600 |  300 |     30 |
|  7934 | MILLER | CLERK    | 7782 | 1982-01-23 | 1300 | NULL |     10 |
+-------+--------+----------+------+------------+------+------+--------+
2 rows in set (0.00 sec)





------------------------------------------------------------------------------------------------------------------------------------

Q14.Find all employees with name not starting with A  


mysql> select * from EMP where ename not like "A%";
+-------+--------+-----------+------+------------+------+------+--------+
| EMPNO | ENAME  | JOB       | MGR  | HIREDATE   | SAL  | COMM | DEPTNO |
+-------+--------+-----------+------+------------+------+------+--------+
|  7369 | SMITH  | CLERK     | 7902 | 1980-12-17 |  800 | NULL |     20 |
|  7521 | WARD   | SALESMAN  | 7698 | 1981-02-22 | 1250 |  500 |     30 |
|  7566 | JONES  | MANAGER   | 7839 | 1981-04-02 | 2975 | NULL |     20 |
|  7654 | MARTIN | SALESMAN  | 7698 | 1981-09-28 | 1250 | 1400 |     30 |
|  7698 | BLAKE  | MANAGER   | 7839 | 1981-05-01 | 2850 | NULL |     30 |
|  7782 | CLARK  | MANAGER   | 7839 | 1981-06-09 | 2450 | NULL |     10 |
|  7788 | SCOTT  | ANALYST   | 7566 | 1982-12-09 | 3000 | NULL |     20 |
|  7839 | KING   | PRESIDENT | NULL | 1981-11-17 | 5000 | NULL |     10 |
|  7844 | TURNER | SALESMAN  | 7698 | 1981-09-08 | 1500 |    0 |     30 |
|  7900 | JAMES  | CLERK     | 7698 | 1981-12-03 |  950 | NULL |     30 |
|  7902 | FORD   | ANALYST   | 7566 | 1981-12-03 | 3000 | NULL |     20 |
|  7934 | MILLER | CLERK     | 7782 | 1982-01-23 | 1300 | NULL |     10 |
+-------+--------+-----------+------+------------+------+------+--------+
12 rows in set (0.00 sec)




------------------------------------------------------------------------------------------------------------------------------------
Q15.Display all employees with sal >1000 and sal<3000 and job has A at starting position and ends with T.


mysql> select * from EMP where job like "A%T" AND sal > 1000 and sal < 3000;
Empty set (0.00 sec)




mysql> select * from EMP where job like "A%T" AND sal between 1000 and 3000;
+-------+-------+---------+------+------------+------+------+--------+
| EMPNO | ENAME | JOB     | MGR  | HIREDATE   | SAL  | COMM | DEPTNO |
+-------+-------+---------+------+------------+------+------+--------+
|  7788 | SCOTT | ANALYST | 7566 | 1982-12-09 | 3000 | NULL |     20 |
|  7902 | FORD  | ANALYST | 7566 | 1981-12-03 | 3000 | NULL |     20 |
+-------+-------+---------+------+------------+------+------+--------+
2 rows in set (0.00 sec)








------------------------------------------------------------------------------------------------------------------------------------

Q16.Write a query  to display empno, ename, sal , increased sal by 10% and commission for all employees  whose  name starts with A,M or S.


mysql> select empno, ename, sal, (sal*(10/100)+sal) "Increase sal", comm, IFNULL(COMM, 0)+(comm*(10/100)) "Increased comm" from EMP where ename like "A%" or ename like "M%" or ename like "S%";
+-------+--------+------+--------------+------+----------------+
| empno | ename  | sal  | Increase sal | comm | Increased comm |
+-------+--------+------+--------------+------+----------------+
|  7369 | SMITH  |  800 |          880 | NULL |           NULL |
|  7499 | ALLEN  | 1600 |         1760 |  300 |            330 |
|  7654 | MARTIN | 1250 |         1375 | 1400 |           1540 |
|  7788 | SCOTT  | 3000 |         3300 | NULL |           NULL |
|  7876 | ADAMS  | 1100 |         1210 | NULL |           NULL |
|  7934 | MILLER | 1300 |         1430 | NULL |           NULL |
+-------+--------+------+--------------+------+----------------+
6 rows in set (0.00 sec)







------------------------------------------------------------------------------------------------------------------------------------
Q17.List the employees name having 'E' as a second last character.


mysql> select * from EMP where ename like "%E_";
+-------+--------+----------+------+------------+------+------+--------+
| EMPNO | ENAME  | JOB      | MGR  | HIREDATE   | SAL  | COMM | DEPTNO |
+-------+--------+----------+------+------------+------+------+--------+
|  7499 | ALLEN  | SALESMAN | 7698 | 1981-02-20 | 1600 |  300 |     30 |
|  7566 | JONES  | MANAGER  | 7839 | 1981-04-02 | 2975 | NULL |     20 |
|  7844 | TURNER | SALESMAN | 7698 | 1981-09-08 | 1500 |    0 |     30 |
|  7900 | JAMES  | CLERK    | 7698 | 1981-12-03 |  950 | NULL |     30 |
|  7934 | MILLER | CLERK    | 7782 | 1982-01-23 | 1300 | NULL |     10 |
+-------+--------+----------+------+------------+------+------+--------+
5 rows in set (0.00 sec)







------------------------------------------------------------------------------------------------------------------------------------
Q18.List employees whose name starts with either 'A' or 'S' in dept 20.


mysql> select * from EMP where (ename like "A%" or ename like "S%") and deptno = 20;
+-------+-------+---------+------+------------+------+------+--------+
| EMPNO | ENAME | JOB     | MGR  | HIREDATE   | SAL  | COMM | DEPTNO |
+-------+-------+---------+------+------------+------+------+--------+
|  7369 | SMITH | CLERK   | 7902 | 1980-12-17 |  800 | NULL |     20 |
|  7788 | SCOTT | ANALYST | 7566 | 1982-12-09 | 3000 | NULL |     20 |
|  7876 | ADAMS | CLERK   | 7788 | 1983-01-12 | 1100 | NULL |     20 |
+-------+-------+---------+------+------------+------+------+--------+
3 rows in set (0.00 sec)









------------------------------------------------------------------------------------------------------------------------------------
Q19.To list all employees with comm is null and name starts with ‘S’


mysql> select * from EMP where  ename like "S%" and comm is null;
+-------+-------+---------+------+------------+------+------+--------+
| EMPNO | ENAME | JOB     | MGR  | HIREDATE   | SAL  | COMM | DEPTNO |
+-------+-------+---------+------+------------+------+------+--------+
|  7369 | SMITH | CLERK   | 7902 | 1980-12-17 |  800 | NULL |     20 |
|  7788 | SCOTT | ANALYST | 7566 | 1982-12-09 | 3000 | NULL |     20 |
+-------+-------+---------+------+------------+------+------+--------+
2 rows in set (0.00 sec)








------------------------------------------------------------------------------------------------------------------------------------
Q20.List all the employee whose name does not end with 'S' in dept 20 and 30?


mysql> select * from EMP where ename not like "%S" and (deptno = 20 or deptno = 30);
+-------+--------+----------+------+------------+------+------+--------+
| EMPNO | ENAME  | JOB      | MGR  | HIREDATE   | SAL  | COMM | DEPTNO |
+-------+--------+----------+------+------------+------+------+--------+
|  7369 | SMITH  | CLERK    | 7902 | 1980-12-17 |  800 | NULL |     20 |
|  7499 | ALLEN  | SALESMAN | 7698 | 1981-02-20 | 1600 |  300 |     30 |
|  7521 | WARD   | SALESMAN | 7698 | 1981-02-22 | 1250 |  500 |     30 |
|  7654 | MARTIN | SALESMAN | 7698 | 1981-09-28 | 1250 | 1400 |     30 |
|  7698 | BLAKE  | MANAGER  | 7839 | 1981-05-01 | 2850 | NULL |     30 |
|  7788 | SCOTT  | ANALYST  | 7566 | 1982-12-09 | 3000 | NULL |     20 |
|  7844 | TURNER | SALESMAN | 7698 | 1981-09-08 | 1500 |    0 |     30 |
|  7902 | FORD   | ANALYST  | 7566 | 1981-12-03 | 3000 | NULL |     20 |
+-------+--------+----------+------+------------+------+------+--------+






------------------------------------------------------------------------------------------------------------------------------------
Q21.Display dept names which are having letter 'O'.


mysql> select * from DEPT where dname like "%O%";
+--------+------------+----------+
| DEPTNO | DNAME      | LOC      |
+--------+------------+----------+
|     10 | ACCOUNTING | NEW YORK |
|     40 | OPERATIONS | BOSTON   |
+--------+------------+----------+
2 rows in set (0.00 sec)






